ITYPETech,Logo | Branding | Website | Brochure | PPT,India,5,9.7,2208 reviews,$25 USD per hour,"Hello! My name is Hitesh. An award-winning agency on Freelancer.com. Top Rated by Preferred Freelancer Team. I can assist you in getting creative and professional graphic design work for your business and company. Our focus is to create the best designs, have timely communication with the employers, and work with...","Graphic Design, Logo Design, Brochure Design, Adobe InDesign, Corporate Identity",https://cdn6.f-cdn.com/ppic/154081488/logo/17134689/profile_logo_17134689.jpg
rabiulkhan866,Logo ✔ Vectorize ✔ Photo Editing ✔ Graphics,Bangladesh,5,7.3,776 reviews,$20 USD per hour,"Hello! Thank you for reviewing my portfolio. I'm a professional Graphic artist with 5 years experience. I work full-time as a Graphic design, Photo editing. I am hardworking and efficient. I look forward to working with you. If you want any service don't hesitate to ask it’s a pleasure to help. Here you can see t...","Photoshop, Graphic Design, Photo Editing, Photoshop Design, Illustrator",https://cdn5.f-cdn.com/ppic/180384459/logo/42123020/profile_logo_42123020.jpg
MetaDesignIndia,Professional Logo & Graphic Designer | Illustrator,India,5,9,1412 reviews,$25 USD per hour,"I'm a graphic designer with more than 6 years of freelance experience. I specialized in logo design and have extensive experience with graphics and illustrations. First impressions mean everything, especially when it comes to your business. Grab the attention of potential clients with eye-catching graphic design. I...","Graphic Design, Logo Design, Illustrator, Photoshop, Animation",https://cdn3.f-cdn.com/ppic/180867371/logo/19398498/profile_logo_19398498.jpg
theDesignerz,Logo I Brochure I Presentation I Branding EXPERT,Pakistan,4.9,10,5256 reviews,$25 USD per hour,"Logo Design I Brochure Design I Graphic Design I Presentation Design I Branding EXPERT I Stationery Design theDesignerz offers professional and high-quality graphic design services. We have been designing for companies worldwide since 2010. We are a customer service oriented firm, and we will work with you unti...","Graphic Design, Logo Design, Photoshop, Brochure Design, Website Design",https://cdn2.f-cdn.com/ppic/143841359/logo/6751536/profile_logo_6751536.jpg
trustus,Customized Web and Mobile Solutions,India,4.9,9,803 reviews,$25 USD per hour,"Our company specializes in providing Customized Web Solutions. We work mainly on PHP and JAVA-J2EE platforms. Our expertise in PHP includes: Frameworks like Laravel, Codeigniter, CakePHP and Open Source Packages like WordPress and Magento. In JAVA-J2EE, we have experts in Spring, Spring Security, Spring Social, St...","PHP, MySQL, Java, Website Design, Software Architecture",https://cdn3.f-cdn.com/ppic/146229301/logo/1795685/profile_logo_1795685.jpg
Delowar84,ALWAYS DO MORE THAN IS REQUIRED OF YOU.,Bangladesh,5,8.6,2739 reviews,$10 USD per hour,"We are highly experienced in Photoshop, Illustrator, Graphic Design, Banner Design & all kinds of design-related work We provide services in the following domains: >> Clipping path >> Background removing/changing/deep etching >> Image editing >> Image optimization for web >> Image enhancement >> Portrait retouching...","Photoshop, Graphic Design, Photo Editing, Illustrator, Banner Design",https://cdn5.f-cdn.com/ppic/104282398/logo/9923064/profile_logo_9923064.jpg
christiansoterod,High End Architect | 3D Designer | Preferred Team,Portugal,5,9,352 reviews,$75 USD per hour,"Preferred freelancer leading a team of architects from Venezuela specialized in architectural visualization, 3D modeling, animation, special effects and 2D drawings. We work with professional software such as AutoCad, 3dsMax, Sketchup Pro, Photoshop and After Effects (I myself have an international certificate sig...","3D Rendering, Building Architecture, 3D Modelling, AutoCAD, Interior Design",https://cdn5.f-cdn.com/ppic/103456936/logo/10408748/profile_logo_10408748.jpg
SkyHawksFusion,Top Rated - Verified by Freelancer.com,Pakistan,5,8.1,315 reviews,$32 USD per hour,"Hi, We are a small team of Developers, Designers, SEO experts, and Server professionals. We specialize in providing Customized Web and Mobile Solutions. Clear communication throughout the project is guaranteed. Our Services Includes: ► Wordpress ►Joomla ► PrestaShop ► Magento ►HTML & HTML5 ► PHP ► Shopify ► CS- C...","PHP, Website Design, WordPress, Graphic Design, Magento",https://cdn3.f-cdn.com/ppic/152603493/logo/33163054/profile_logo_33163054.jpg
DesignKingBD360,✔ Professional Graphic Designer,Bangladesh,5,6.9,689 reviews,$20 USD per hour,"My name is MD ABDUR ROFIK, more than 8 years experience as a graphic designer + I try to satisfy customers and make them happy. The most important thing for me is to provide timely quality results for my clients. - Always Fast Delivery - I try to stay online for 24/7 hours - Communicate clearly throughout the pr...","Photoshop, Logo Design, Illustrator, Graphic Design, Photoshop Design",https://cdn3.f-cdn.com/ppic/180605331/logo/32435572/profile_logo_32435572.jpg
amin585147,Graphic designer-Photoshop expert and Photo editor,Bangladesh,5,8.1,1415 reviews,$20 USD per hour,"My name is Md Nurul Amin. I am from Khulna, Bangladesh. I am a qualified Professional Graphic Designer and photo editor. I am working here almost 7 years and I completed 1350+ projects here. Photo editing and designing is huge part of my life and I work hard to produce the highest quality, effective, innovative, tim...","Photoshop, Graphic Design, Photo Editing, Photoshop Design, Illustrator",https://cdn2.f-cdn.com/ppic/181777892/logo/15309981/profile_logo_15309981.jpg
vili1977,System engineer with experience 14 years.,Ukraine,4.9,7.7,1139 reviews,$10 USD per hour,"I have 13 years experience with linux,freebsd,cisco. Cisco ASR1001, ASA 5505,5510, 29xx,19xx,3560,45xx. Programming on Perl,Bash,PHP.","Linux, System Admin, PHP, Apache, Script Install",https://cdn2.f-cdn.com/ppic/125339965/logo/1927859/profile_logo_1927859.jpg
swapnildesign,Graphic designer and Photoshop expert!,Bangladesh,5,8.5,2542 reviews,$20 USD per hour,"Hi! I'm Swapnil, a Photoshop expert & Graphic designer from Bangladesh. I can do almost anything in Photoshop and Illustrator that's why my clients call me ""Wizard"". I have been playing with Adobe Photoshop and Adobe Illustrator since 2010. You can see my clients' reviews here in my profile. I have done more then...","Photoshop, Photo Editing, Graphic Design, Photoshop Design, Illustrator",https://cdn5.f-cdn.com/ppic/175797390/logo/14716715/profile_logo_14716715.jpg
rashedkhanrubel,Excel | VBA | Macro | Formula | Automation Expert,Bangladesh,5,7.4,381 reviews,$15 USD per hour,"I am Rashed from Dhaka, Bangladesh. I have a total experience of 8 years in the sales sector as an Data analyst (MIS) and I am providing services related to my profession with great quality. If you're looking for top-quality services, you've come to the right place. I am happy to provide the highest quality of work...","Excel, Data Processing, Visual Basic, Data Entry, Excel Macros",https://cdn2.f-cdn.com/ppic/118118941/logo/19208679/profile_logo_19208679.jpg
mahamudrony,Graphic Designer (Print & Web),Bangladesh,4.9,8.6,2773 reviews,$20 USD per hour,"I am expert graphic designer with 8 years creative industries experience. I am master of Adobe Photoshop, Adobe Illustrator and Adobe InDesign. I always making design with my creativity and with my long time professional experience. My preferred working area is: ★Logo design ★Brochure design...","Graphic Design, Logo Design, Photoshop, Illustrator, Adobe InDesign",https://cdn5.f-cdn.com/ppic/131563746/logo/14537878/profile_logo_14537878.jpg
Netfreehost,"Linux, Ubuntu, AWS, Google Cloud, PHP Expert",India,5,8,1830 reviews,$40 USD per hour,"I have 20 years of experience in web hosting, managing RHEL, CentOS, CloudLinux, Ubuntu, Debian, FreeBSD, and Windows Servers. * Linux - Ubuntu/Debian/CentOS/RHEL/Fedora/FreeBSD * Azure/Amazon AWS/Google Cloud * Nginx/Apache/Lighttpd/LiteSpeed * VPS - OpenVZ/KVM/Xen/Hyper-V/SolusVM/ProxMox * Docker/RancherOS *...","PHP, Linux, System Admin, MySQL, Web Hosting",https://cdn2.f-cdn.com/ppic/127511236/logo/3753595/profile_logo_3753595.jpg
adortalukdar,Honest and Professional,Bangladesh,5,8.8,1362 reviews,$30 USD per hour,"I am Ador Talukdar. As an experienced writer, I am pleased to be able to offer high-quality, clear and concise articles, blogs and website content on a wide range of different topics. I am also efficient in writing landing pages, product descriptions, product reviews, sales pages, resumes and cover letters. For each...","Article Writing, Copywriting, Ghostwriting, Article Rewriting, Blog",https://cdn2.f-cdn.com/ppic/56905095/logo/1876431/profile_logo_1876431.jpg
ramzitra,Web Scraping | Senior Python Developer,Tunisia,5,8.8,582 reviews,$60 USD per hour,"Top elite 1% freelancers working on Web Scraping. THANK YOU FOR VISITING MY PROFILE My name's Ramzi. I've been a Python Developer for 7 years specializing in Web Scraping, Web Automation, and coding useful scripts. I am providing the following services : ✔ Web Scraping, Data Extraction ✔ Data...","Web Scraping, Python, Data Mining, Data Scraping, Data Extraction",https://cdn6.f-cdn.com/ppic/133852039/logo/14887479/profile_logo_14887479.jpg
akinfotech119,SHOPIFY | PSD/PNG/PDF/AI TO HTML5 | EMAIL TEMPLATE,India,5,7.3,386 reviews,$20 USD per hour,"We provide web design and development, E-commerce solutions. We are completely committed not only to provide basic services, but also doing everything possible to get your business growing explosively. We will provide you great solution as per your expectation. OUR SKILLS : ** FrontEnd: &gt; Shopify Store &gt;...","Website Design, Shopify, PSD to HTML, Banner Design, Graphic Design",https://cdn6.f-cdn.com/ppic/175610990/logo/29074350/profile_logo_29074350.jpg
vlaja27,Dream it. Believe it. Build it.,Bosnia and Herzegovina,5,8,542 reviews,$40 USD per hour,"I'm Marko, an artist, and graphic designer. I've been working as a graphic designer for 7 years and I have more than 1000+ completed projects. Art is my passion and design is my way to communicate. By combining those two things into my lifestyle, I give the best output to my clients. Why should you hire me? - I'm...","Graphic Design, Logo Design, Photoshop, Illustrator, Brochure Design",https://cdn5.f-cdn.com/ppic/164736763/logo/18899518/profile_logo_18899518.jpg
GraphikMIRACLE,"Graphic Designer-LOGO, BRANDING, LABEL & PACKAGING",Sri Lanka,4.9,8.2,1475 reviews,$25 USD per hour,"Hello, Thanks for checking out our Graphic Design team’s profile! We’re an up-and-coming Graphic Design agency out of Asia that provides high-end design work to our clients through our skilled team of designers. We create any number of different design pieces for our clients, including: - Logo Design - Brochure...","Graphic Design, Logo Design, Photoshop, Illustrator, Corporate Identity",https://cdn3.f-cdn.com/ppic/127501888/logo/27420925/profile_logo_27420925.jpg
eTranslators,TRUSTED TRANSLATION & TRANSCRIPTION CAMPAIGNERS!,Bangladesh,4.9,9.5,2324 reviews,$25 USD per hour,"eTranslators offers 8 years of experience in providing top-quality service, professional & effective TRANSLATION, TRANSCRIPTION, EDITING, PROOFREADING, WRITING, VOICE OVER, DUBBING, DIGITAL CONTENT DEVELOPMENT & MANAGMENT campaigns. Our services span over 200 languages, offering no compromise in quality; with a...","Translation, English (US) Translator, English (UK) Translator, German, French Translator",https://cdn5.f-cdn.com/ppic/164284540/logo/9641232/profile_logo_9641232.jpg
GraphicsMaster99,Professional Photoshop Designer & Logo Designer,Bangladesh,5,7.4,731 reviews,$12 USD per hour,"Hi ,I am a professional Graphic designer,Photo editor & Logo designer .I am responsible and finish my work on time.I work passionately,sincerely and with all my heart & soul.... Expert at- ** Background Removal ** Clipping path ** Photo Editing ** Background removing/changing/deep etching ** Face Swap ** Image...","Photoshop, Graphic Design, Photo Editing, Photoshop Design, Illustrator",https://cdn2.f-cdn.com/ppic/161503550/logo/23619070/profile_logo_23619070.jpg
soniasony280318,Logo & Graphic Designer,Bangladesh,5,7.5,439 reviews,$10 USD per hour,"This is Salina. I am a professional logo & graphic designer with more than 6 years of experience. Quality Design, Fast Delivery, On Time, On Budget and ensuring client satisfaction are my top priorities. My expertise is:- -Logo design -Graphic Design -Business Cards -Letterhead -Recreate -...","Logo Design, Graphic Design, Photoshop, Illustrator, Banner Design",https://cdn3.f-cdn.com/ppic/165207317/logo/29711911/profile_logo_29711911.jpg
iarena,Logo I Illustration I Graphic I Print & Web Design,India,5,7.9,1150 reviews,$35 USD per hour,"""Quality of work is my first priority"" I am Rupa Gupta, Creative Freelance Graphic designer with over 7 years of experience in the field and member of Preferred Freelancer Program. Dedicated to staying up-to-date on new techniques and procedures associated with graphic design. Excel at Logo design, layout...","Logo Design, Graphic Design, Photoshop, Illustrator, Illustration",https://cdn2.f-cdn.com/ppic/180023648/logo/25552210/profile_logo_25552210.jpg
Melodyswright,Communications Expert and Professional Writer,Canada,5,8.2,477 reviews,$40 USD per hour,"I have a passion for writing. I write on an exceptionally wide variety of topics. SEO content, article writing, blog writing, white papers and rewrites are my specialties. I also work as a professional business speechwriter and coach. I am Canadian. I am a native English speaker, with more than 25 years of...","Article Writing, Article Rewriting, Copywriting, Ghostwriting, Research Writing",https://cdn3.f-cdn.com/ppic/163184304/logo/25351077/profile_logo_25351077.jpg
diama64,Wordpress Developer-Html-Css-Js,Greece,5,7.8,887 reviews,$40 USD per hour,"Hi! My name is Diamantis and I am a web designer and coder from Thessaloniki, Greece. A passionate and educated web developer, always following best practices. Ready to offer my expertise! Feel free to get in touch for an initial consultation. Some of the technologies I have great experience with: - HTML, CSS,...","HTML, WordPress, PHP, CSS, Website Design",https://cdn3.f-cdn.com/ppic/125896855/logo/9461255/profile_logo_9461255.jpg
DezineGeek,Logo━Branding━Layout━Brochure━PPT━Illustration,Pakistan,4.9,9.9,4997 reviews,$25 USD per hour,"بِسْمِ اللهِ الرَّحْمٰنِ الرَّحِيْمِ Dezine Geek is a creative graphic design studio that provides Logo, Graphic Design, Website, Illustration, and Stationery design services to international market since 2005. We are a group of professional artists, Graphic Designers and developers. Our specialized services...","Graphic Design, Logo Design, Photoshop, Website Design, Brochure Design",https://cdn2.f-cdn.com/ppic/109720520/logo/3862312/profile_logo_3862312.jpg
sr33raj,"Linux, AWS, GCP, Azure, WordPress, PHP Expert",India,5,7.8,1038 reviews,$30 USD per hour,"Hi, I am a Linux System Administrator with over 9 years of experience in Web Hosting, Web Security, and Malware Cleanup. I'm experienced in Linux:- Debian, Ubuntu, Centos, Redhat,Fedora, AMI Cloud:- AWS, Google Cloud, Azure, Ali Cloud, IBM, OVH, Linode, Digitalocean, Vultr, Scaleway Web server:- Apache, Nginx,...","PHP, MySQL, Linux, WordPress, Website Design",https://cdn3.f-cdn.com/ppic/141296931/logo/18848433/profile_logo_18848433.jpg
JunrayFreelancer,Graphic Artist | Video Editor | Music Producer,Philippines,4.9,8.4,272 reviews,$25 USD per hour,#NAME?,"Graphic Design, Logo Design, Photoshop, Illustrator, Photoshop Design",https://cdn5.f-cdn.com/ppic/176271446/logo/33032504/profile_logo_33032504.jpg
flyerEXPERT,"Brochures, Logos, Flyers, Packaging, Websites",Sri Lanka,4.9,9,3243 reviews,$25 USD per hour,"We are FLYEREXPERT, one of the top online graphic agencies in the freelance and agency community. Based out of Colombo, Sri Lanka, our team has years of experience in the graphic design industry, working with a crowd of different clients with consistent satisfaction in our deliverables. We can create many different...","Graphic Design, Logo Design, Brochure Design, Flyer Design, Illustrator",https://cdn3.f-cdn.com/ppic/172699091/logo/17401893/profile_logo_17401893.jpg
reddmac,graphic artist/ illustrator,Philippines,5,8.1,190 reviews,$30 USD per hour,"• More than nine years of art and design experience. • Knowledge of CorelDraw, Photoshop, After Effects, Flash, Illustrator, Adobe Indesign • Knowledge and understanding of print and web/interactive processes. • Knowledge of Audio & Video (Visual) Presentation, digital high end image manipulation.","Graphic Design, Logo Design, Photoshop, Illustrator, Illustration",https://cdn6.f-cdn.com/ppic/180314961/logo/20209393/profile_logo_20209393.jpg
worldtranslator2,Specialist in Multi-Language Translation,Bangladesh,4.9,9.1,2153 reviews,$30 USD per hour,"Welcome to the World of Translation! We are the most professional translation company on this platform who are ready to assist you in more than 70+ languages with all of your TRANSLATING, TRANSCRIBING, PROOFREADING, and WRITING needs. We have a team of more than 2000+ professional translators,...","Translation, English (US) Translator, German, Transcription, Swedish",https://cdn6.f-cdn.com/ppic/180687805/logo/24254477/profile_logo_24254477.jpg
dezinegenius,Logo | Branding | Graphic & Web Professional,Pakistan,5,8.2,597 reviews,$18 USD per hour,"Top 1% Design Agency by Freelancer Team. Dezine Genius is a full service experienced, supportive and versatile design studio. We have research-driven strategic thinking that is reflected in every genius product we develop for our prestigious clients. We have been working since 2005 locally and internationally....","Graphic Design, Logo Design, Flyer Design, Photoshop Design, Creative Design",https://cdn5.f-cdn.com/ppic/84711951/logo/19798805/profile_logo_19798805.jpg
dreamdezine,Where imagination & art meet.,Pakistan,4.9,8.6,1728 reviews,$25 USD per hour,"Welcome to DREAM DEZINE. We specialize in Graphic design, logo, Brochure, Flyer, Poster, Business card, Info graphic, Eye catching Power point design, Banners, Stationary design, Corporate identity, illustrations, Image editing, Catalog design, Magazine design, 2D Animation and many more. If you are looking for...","Graphic Design, Photoshop, Logo Design, Illustrator, Website Design",https://cdn3.f-cdn.com/ppic/180366287/logo/18837604/profile_logo_18837604.jpg
edesignsolution,"logo , Branding, Graphic",India,4.9,8,2062 reviews,$25 USD per hour,"Companies are remembered not just for their work and product, but the last image that is their branding and logo. We at Edesigne Solution have created a reputation of timely, fresh style and logo design through our amazing team of creatives. Our team includes an award-winning Graphic Designer, and every member is up...","Logo Design, Graphic Design, Photoshop, Illustrator, Branding",https://cdn3.f-cdn.com/ppic/180208940/logo/9226583/profile_logo_9226583.jpg
asadkhan3533,Let us FIX IT for you!,Pakistan,5,8.4,767 reviews,$30 USD per hour,"A Firm providing comprehensive range of Accounting, Taxation, Financial Consultancy and IT enable services through its experienced and qualified team members comprising of Chartered Accountants, CPAs and Bookkeeping Specialists. 1. Accounting/Bookkeeping (QB, Oracle ERP, NetSuite, Xero, MS Dynamics Business...","Accounting, Excel, Data Entry, Intuit QuickBooks, Data Processing",https://cdn6.f-cdn.com/ppic/157616825/logo/15704577/profile_logo_15704577.jpg
sweta2317,1K Jobs| NFT API Wordpress PHP HTML CSS BOOTSTRAP,India,4.9,9.1,1127 reviews,$30 USD per hour,"My self Sweta Patel I was a coder and now an owner of my own firm: CLOUD WEB LABS. Please hire us to get your job done best in time and quality. Our team can work on the following areas: - CMS Website Development using PHP frameworks and Wordpress opensource - NFT REST API, Payment gateway API, Google map API...","PHP, HTML, Website Design, WordPress, Graphic Design",https://cdn5.f-cdn.com/ppic/113446969/logo/1098266/profile_logo_1098266.jpg
rahul62544,Excel | Google Sheets | PDF | Transcriber | Top 1%,Pakistan,5,7.2,371 reviews,$60 USD per hour,"Hi, I am Rahul. I create Custom scripts/Automation's in Excel and Google sheets to make repetitive work done very easily with just one click, Complex formulas, Dynamic Dashboards, Browser Automations and many other things as required. I also create PDF fillable forms, Edit PDFs, create custom scripts to Automate...","Excel, Data Processing, Data Entry, Visual Basic, Visual Basic for Apps",https://cdn6.f-cdn.com/ppic/181361363/logo/39267315/profile_logo_39267315.jpg
glowflydesigner,PROFESSIONAL GRAPHIC DESIGNER EXPERT,Pakistan,4.9,7.6,1119 reviews,$25 USD per hour,"My name is SHAZAIB highly trained professional with a experience of 8 years in Graphic Designing industry, with updated software for designers, I have in-house designer who are willing to start work on your project, As soon as possible. MY PASSION IS INSPIRATION and my objective is to use it to get the finest design...","Graphic Design, Logo Design, Photoshop, Illustrator, Website Design",https://cdn3.f-cdn.com/ppic/180504391/logo/9989351/profile_logo_9989351.jpg
dizajnerweb,TOP 3%! WordPress Expert | Developer and Designer,Serbia,5,8.1,454 reviews,$40 USD per hour,"Transforming Vision into Reality! If you want a quality design and site development, you are in the right place. I have more then 9 years of experiences in website development. I offer professional and high-quality websites using many technologies such as PHP, HTML, CSS, MySQL, WordPress, WooCommerce, Joomla,...","PHP, HTML, WordPress, CSS, Website Design",https://cdn3.f-cdn.com/ppic/180725947/logo/20336194/profile_logo_20336194.jpg
blexdesign,Professional CG Artist! Simple and Elegant!,Sri Lanka,5,7.4,565 reviews,$30 USD per hour,"I'm a Full-Time Graphic Artist with more than 9+ years of comprehensive experience in Graphic Designing & 2D Illustrations and Photo Editing my expertise include Adobe Photoshop, Illustrator, After Effects, and Solidworks Why Hire me -? 100 % Satisfaction Guaranteed +Unlimited Revisions I'm Specialized in ::...","Graphic Design, Photoshop, Illustrator, Photoshop Design, Logo Design",https://cdn2.f-cdn.com/ppic/182153932/logo/27581622/profile_logo_27581622.jpg
faizythebest,Web & Mobile Application Developer,Pakistan,5,7.4,814 reviews,$50 USD per hour,Hey! I have more than 6 years of experience in Web designing/Developing and mobile application development. I'm an expert in. Front-end development: 1. Fully mobile responsive HTML coding 2. W3 validated HTML Structure 3. Hand coded Java-script/ jQuery 4. Expertise in Bootstrap 4 5. React JS Backend...,"HTML, PHP, WordPress, Website Design, CSS",https://cdn5.f-cdn.com/ppic/181361967/logo/39884385/profile_logo_39884385.jpg
loopcut,3D Artist & Video Editor,Turkey,5,8.6,639 reviews,$30 USD per hour,"Hi, I am a seasoned video services freelancer with a Bachelor’s Degree in Film Studies and over 13 years experience in the industry. I offer top-tier video and audio editing and cleaning, as well as both 2D and 3D animation. With my 10+ years experience, I’ve done everything from short films to interviews to...","After Effects, Video Services, 3D Animation, 3D Rendering, 3D Modelling",https://cdn5.f-cdn.com/ppic/181123105/logo/10954422/profile_logo_10954422.jpg
Irfankaredia,LOGO AND BRANDING | WEBDESIGN | PRINTING MATERIALS,Pakistan,5,8.7,1073 reviews,$50 USD per hour,"We are highly talented and quality Graphic Designer with vast experience in Logos, Banners, Brochures, Flyers/Posters, Website Design/Development. We highly motivated, creative, and versatile and especially skilled in creating and directing corporate and new business designs. We adapt at innovating user experience for...","Graphic Design, Logo Design, Photoshop, Corporate Identity, Website Design",https://cdn6.f-cdn.com/ppic/161565464/logo/3207710/profile_logo_3207710.jpg
kalidas365,Graphics Designer*Website Developer*Virtual Assist,India,4.9,8,1852 reviews,$10 USD per hour,"We are a group of young, energetic, creative &amp; professional website developer, graphic designer and IT-Administrator who are devoted to implement your requirement with modern technology. ? Website Design - Development-Modification - Wordpress - Ecommerce - Dynamic/Customized site Development ? Graphic...","Graphic Design, Photoshop, Logo Design, Banner Design, Illustrator",https://cdn5.f-cdn.com/ppic/56802945/logo/1943082/profile_logo_1943082.jpg
mdrassiwala52,Logo | Branding | Brochure | Illustration | PPT,India,4.9,8.4,1712 reviews,$40 USD per hour,Emdyarts offers professional and high-quality graphic design services with 100% satisfaction | Quick turnaround times | Unlimited revisions. Our services Include : ★ Logo design ★ Brochure / Flyer / Catalog ★ Stationary / Business Card / Corporate Identity ★ Package / Label Design ★ Illustration / Caricature /...,"Graphic Design, Logo Design, Photoshop, Photoshop Design, Poster Design",https://cdn6.f-cdn.com/ppic/116362605/logo/11990683/profile_logo_11990683.jpg
desource2012,Translation Quality Assured,Bangladesh,4.9,9.7,2797 reviews,$30 USD per hour,"Are you going global? Not everyone speaks your language! If you are reading this it’s time to link up with Desource Professional Translation Services. While we hold a single Freelancer profile, we represent a team of 135+ hardworking translators, writers, proofreaders, and transcriptionists all striving to bring your...","Translation, English (US) Translator, Spanish, French Translator, Article Writing",https://cdn5.f-cdn.com/ppic/181060305/logo/3245175/profile_logo_3245175.jpg
simimalik96,Free_to_Lance #Quality_YOU_WANT@DISCOUNTED_SERVICE,Pakistan,5,6.6,497 reviews,$10 USD per hour,"""I am, listed by Freelancer, among top 1% of Freelancers, based on Quality of my work, for my clients"" I intend to provide my clients with the high quality services, both TECHNICAL & NON-TECHNICAL, at MINIMAL COST and TIME. I have been working for more than 7 years to serve 6000+ respected clients of mine. I have...","Article Writing, Article Rewriting, Academic Research, Business Writing, Business Plans",https://cdn2.f-cdn.com/ppic/176967463/logo/46517632/profile_logo_46517632.jpg
NeriDesign,Logo & Branding | Graphic Design I Web Design,Bulgaria,4.9,7.9,294 reviews,$27 USD per hour,"I am a professional graphic designer with many years of professional experience designing logos, Brand Identity, business cards, banners, flyers, posters, brochures, and all varieties of print materials. My passion is created designs in Adobe Illustrator and Adobe Photoshop. My other passion is website...","Logo Design, Photoshop, Illustrator, Website Design, Photoshop Design",https://cdn2.f-cdn.com/ppic/136808447/logo/20269310/profile_logo_20269310.jpg
Professor2,Writer/Editor/Proofreader/USA English speaker,Jamaica,4.9,6.8,207 reviews,$25 USD per hour,Prolific writer; re-writer; editor; copy editor; flawless proofreader; journalist. Native English speaker; English professor and newspaper editor for 15 years. Wordsmith. Enhance sales copy; spice up stories; quick turnaround. Graduate degrees in English in both US and UK. US citizen on assignment in Caribbean. FULL...,"Editing, Proofreading, English (US) Translator, Writing, English Grammar",https://cdn2.f-cdn.com/ppic/124847319/logo/29902928/profile_logo_29902928.jpg
Alex1x23,Web Development | Graphic Design | SEO | UI/UX,India,4.9,8.8,881 reviews,$25 USD per hour,Expert Web Infotech offers professional and high-quality web development services. We have been working for the clients worldwide from past many years. We are a customer service oriented firm and we work with you until you are completely satisfied with the outcome of your website development and design projects. We...,"Website Design, PHP, HTML, WordPress, CSS",https://cdn5.f-cdn.com/ppic/57374904/logo/8543379/profile_logo_8543379.jpg
imranislamanik,Professional Graphic Designer-Print Design Expert,Bangladesh,4.9,7.3,145 reviews,$30 USD per hour,"Designing tools I have expertise in ---- Adobe Photoshop | Adobe Illustrator | Adobe InDesign. ✅ I guarantee about project to deliver with the highest standards and in a timely manner, as we know that everyone expects the best service and support. My Work Skills: ***** Logo Design ***** Stationery Design *****...","Graphic Design, Photoshop, Logo Design, Illustrator, Illustration",https://cdn2.f-cdn.com/ppic/164685931/logo/2538418/profile_logo_2538418.jpg
Kicasso,"Architect, CG Artist",Romania,5,7.1,177 reviews,$20 USD per hour,I'm a Persian girl. An Architect and CG Artist with 9 years of experience doing a lot of various successful projects in 2D and 3D. I'd love for my clients to have a great experience working with me. I love challenging projects that can represent my best. Count on me if you are looking for creativity and quality. MY...,"Graphic Design, Photoshop, Illustrator, Illustration, Logo Design",https://cdn2.f-cdn.com/ppic/148638721/logo/45490255/profile_logo_45490255.jpg
WebChapters,"Full Stack Web Developer (Laravel, WordPress, UX)",Pakistan,5,8.6,240 reviews,$40 USD per hour,"We help your business get there, no matter where “there” is. What do we do? 1. Responsive Web Development - HTML/PHP/CSS/Bootstrap/JS 2. CMS customization/development (WordPress, Wix, Squarespace, Shopify) 3. Ecommerce Website Solutions 4. Laravel/CodeIgnitor WebApps 5. Graphic Design - Branding, Web & UI/UX 6....","HTML, PHP, Website Design, WordPress, eCommerce",https://cdn2.f-cdn.com/ppic/162132736/logo/23264268/profile_logo_23264268.jpg
uhjk,i love coding,Turkey,5,8.7,1410 reviews,$35 USD per hour,"I've been on internet since 1996. I always tried to do something with programming. Started with mirc scripting, then created my own websites (I had 1500+ websites when it was 2005) and earned a lot of money with domain parking and google adsense. Since I was not so good with programming, I was asking help from other...","PHP, HTML, Web Scraping, WordPress, MySQL",https://cdn6.f-cdn.com/ppic/147220406/logo/699015/profile_logo_699015.jpg
Winnersprocess,SEO Master - Real Quality Backlinks,India,4.9,8.3,723 reviews,$8 USD per hour,"My name is Mohit, and I specialize in making your company site shoot to the top of Google’s rankings. Performance metrics can be everything – even a beautifully-designed website is nothing without online traffic flowing through it! That is where my team and I step in. We are seasoned professionals for utilizing GoSite...","SEO, Internet Marketing, Link Building, Marketing, Article Writing",https://cdn6.f-cdn.com/ppic/181621119/logo/692797/profile_logo_692797.jpg
Maxbah,Professional T-shirt Designer,Bangladesh,5,7.3,196 reviews,$10 USD per hour,"As a graphic T-shirt designer for over 5 years, the finest moments in my professional life come when, after collaborating with my clients, I craft them a singularly unique, stunningly vibrant T-shirt logo. For something as visual and personal as the art/graphics on the clothes you wear, I would immediately direct your...","Graphic Design, T-Shirts, Logo Design, Photoshop Design, Photoshop",https://cdn5.f-cdn.com/ppic/181551783/logo/36006155/profile_logo_36006155.jpg
sachinswami25,"SEO,Link Building,Google Ads,ORM,46% ReHire",India,5,8.3,467 reviews,$2 USD per hour,"46% ReHire - One of the top freelancer with 5 Rating. We are very well versed in SEO, ORM - Online Reputation Management, and Google AdWords. Get #1 results in Google for every Competitive keyword. I have a team of SEO experts, they are highly dedicated professionals who always keep themselves updated with the...","SEO, Internet Marketing, Link Building",https://cdn6.f-cdn.com/ppic/180181554/logo/3205078/profile_logo_3205078.jpg
muhmmad123,"Photoshop, Photo Editing, Graphic design",Bangladesh,4.9,8.1,1269 reviews,$10 USD per hour,"This is Md Anis Mia, a Professional PHOTO EDITING/IMAGE PROCESSING Service Provider who has 8 years of experience in PHOTO EDITING work using Adobe Photoshop. I had completed more than 1500+ jobs on freelancer client satisfaction, I am ready to help you with your image editing needs. Please take a look at my...","Photoshop, Photo Editing, Graphic Design, Photoshop Design, Logo Design",https://cdn6.f-cdn.com/ppic/103784375/logo/11311215/profile_logo_11311215.jpg
cgullapalli,Excel | VBA | G Sheets | Scripts | Python | PDF,India,5,8.3,1203 reviews,$50 USD per hour,"Live Well For A Better Society: ✔ Excel: Advanced Array Formulas, Charts, Pivot Tables, Pivot Charts, Power query, Mail Merge, VBA Macros. Email through Outlook,gmail, Add-in, Customized Macros :::: Extraction from JSON, XML, SQL Database :::: Conversion to JSON, XML :::: Creating reports from...","Excel, Data Entry, Data Processing, Visual Basic, Powerpoint",https://cdn6.f-cdn.com/ppic/126080017/logo/7480467/profile_logo_7480467.jpg
Revazi123,"Full Stack .NET Core(C#), MQL4/MQL5 Developer",Georgia,5,7.5,256 reviews,$50 USD per hour,"Personal Summary: • More then six years of experience in analysis, design, and development of high-level software. • Good experience in writing technical documentation. • Effective experience in developing, managing and supporting multiple projects. • Deadline orientated and having the ability to organize and...","Metatrader, C# Programming, Physics, MQL4, Trading",https://cdn5.f-cdn.com/ppic/130553785/logo/35972255/profile_logo_35972255.jpg
prachigraphics,Graphics Designer and 3D Artist,India,4.9,7.7,1202 reviews,$20 USD per hour,"Hi, i am a professional 3D and Graphics Designing Artist. I have over five years of experience in our field and believe in satisfying our clients through our creativity. We deliver quality work on time. Please try us once to show our creativity. These are the fields we are specialized in - - 3D Modeling, Lighting,...","Photoshop, Graphic Design, After Effects, Video Services, Logo Design",https://cdn3.f-cdn.com/ppic/116399707/logo/17619009/profile_logo_17619009.jpg
mkdoluweera,Professional Graphic Designer,Sri Lanka,4.9,8,1283 reviews,$25 USD per hour,"I provide high quality designs with unlimited revisions, so your satisfaction is 100% guaranteed. I will work within your budget and time frame. My vision is to provide quality work delivered on time. - 24/7 online - Quick response - Unlimited recivsions My expertise are: Main Softwares using and Well experienced...","Graphic Design, Photoshop, Illustrator, Adobe InDesign, Logo Design",https://cdn3.f-cdn.com/ppic/125266485/logo/2540497/profile_logo_2540497.jpg
dworker88,I value quality of work over anything else :),India,5,8.5,1948 reviews,$25 USD per hour,"I am definitely trying to earn a good living through my designing skills and helping other get exactly what they image and want for them related to their graphic needs. I am an expert in logo design, logo recreation, print and web graphics. Having in detailed knowledge of Illustrator, Photoshop and other graphics...","Graphic Design, Photoshop, Logo Design, Illustrator, T-Shirts",https://cdn2.f-cdn.com/ppic/56812737/logo/1377069/profile_logo_1377069.jpg
Pro100bbc,The customer is always right!,Ukraine,5,7.6,628 reviews,$30 USD per hour,"✅ We look forward to working with you, let's Create! Hi, We are Pro100BBC - a small team of Ukrainian graphic designers. We are successful contest winners (9 contests); about 20% of our customers hire us again. Clear communication throughout the project is guaranteed! 500+ FEEDBACKS PROVE OUR WORK QUALITY. ...","Graphic Design, Logo Design, Photoshop, Illustrator, Business Cards",https://cdn5.f-cdn.com/ppic/157240594/logo/16667129/profile_logo_16667129.jpg
rpweng,Mechanical Engineer B.Sc.Eng.(Hons),Sri Lanka,5,8.2,496 reviews,$25 USD per hour,I have been working since 2007 as a Design Engineer. I'm profession with Solidworks modeling and simulation.,"Solidworks, CAD/CAM, AutoCAD, 3D Modelling, 3D Rendering",https://cdn2.f-cdn.com/ppic/135312689/logo/3407630/profile_logo_3407630.jpg
kh1604,Graphic Designer | Presentation & PDF Form Expert,Bangladesh,4.9,7.8,529 reviews,$25 USD per hour,"Good communication | Fast turn around | Quality service These are my keys to unlock the satisfaction of 500 clients and counting. Introducing myself as a graphic designer and Presentation Expert. Thanks for visiting my profile! I respect your valuable time so before awarding any job, kindly contact me so we can...","Graphic Design, Illustrator, Photoshop, Logo Design, Powerpoint",https://cdn2.f-cdn.com/ppic/132425356/logo/2648252/profile_logo_2648252.jpg
yousufkhan39911,TOP 3% Ranking on Freelancer in Web Development,Pakistan,5,6.9,553 reviews,$17 USD per hour,"I am a Front-end/Back-End Web Developer, working for the last 4 years. I know the value of time and money. I am very hard working and always deliver work on time. My work never ends until you are 100% satisfied with each & everything. A TRUSTED FREELANCER. Following are the Expertise which I can Provide You: • Fix...","PHP, HTML, Website Design, WordPress, CSS",https://cdn2.f-cdn.com/ppic/127410664/logo/32095300/profile_logo_32095300.jpg
mikehurley,"White Hat SEO, SMO, Google Ads",India,4.9,10,5496 reviews,$20 USD per hour,"We’re Elite Information Tech, and we thank you for considering us for your project needs! We’re a team of over 100 highly specialized digital marketing & web development professionals who pride ourselves on being client-focused and providing high-end, quality results every time. We offer a number of services,...","SEO, Link Building, Internet Marketing, Marketing, Advertising",https://cdn2.f-cdn.com/ppic/151980752/logo/2239716/profile_logo_2239716.jpg
dymetrios,"Graphics Design, Photo Editing, Photo Retouching",Ukraine,5,7.4,527 reviews,$12 USD per hour,"My name is Dmytro and I've been working as a designer and retoucher since 2011. Here are some of my skills : - Graphic Design (Brochures, Flyers, Posters, Web banners, Business Cards, Infographic) - Photo Editing, Retouching and Restoration - Background Removal and Changing - Logo Design - Editing and optimisation...","Photoshop, Photo Editing, Photoshop Design, Illustrator, Flyer Design",https://cdn3.f-cdn.com/ppic/176576058/logo/19467573/profile_logo_19467573.jpg
mahamadali,Web Developer | Laravel | CodeIgniter | PHP,India,5,8,658 reviews,$20 USD per hour,"Too much interested to put my IT/Programming knowledge to fetch out quality output to needed IT sector, person or company. Skills : PHP, Laravel, CodeIgniter, MySQL, HTML5, CSS3, AJAX, Javascript, SQL, XML, API Integration Always ready to accept the challenges in the field with the great dedication. Welcome...","PHP, HTML, MySQL, Website Design, JavaScript",https://cdn3.f-cdn.com/ppic/117885345/logo/7005577/profile_logo_7005577.jpg
Arif4000,"Photo Editing, Logo Design, Data Entry",Bangladesh,5,8.5,2075 reviews,$15 USD per hour,"Good morning/afternoon/evening from Khulna, Bangladesh! Nowadays, managing all tasks can be difficult for anyone. Our goal is to take some of those stress off from you. Whether it’s related to Photoshop, Logo Design, or Data Research, we are willing to help you & try to complete your project within your given...","Photoshop, Photo Editing, Graphic Design, Photoshop Design, Data Entry",https://cdn5.f-cdn.com/ppic/164359500/logo/8956708/profile_logo_8956708.jpg
alakram420,YOUR 100% SATISFACTION WILL BE MY DESTINATION,Bangladesh,5,7,139 reviews,$15 USD per hour,"Hi there, This is Akram. I'm a fast and forward graphic designer. I'm trying to give my services in super fastest with the best premium quality. I always believed in quality and client satisfaction. And I'm available for 24 hours on 7 days! I provide always instant services. I'm skilled in Adobe Photoshop, Adobe...","Graphic Design, Photoshop, Flyer Design, Illustrator, Photoshop Design",https://cdn6.f-cdn.com/ppic/181513855/logo/26700790/profile_logo_26700790.jpg
vano101,Vano101 Coder from Former vWorker.com service (#360),Ukraine,4.9,8.5,3064 reviews,$23 USD per hour,"Professional software developer with over 15 years of overall experience in software development and maintenance looking for challenge projects fit my skills. Main specialization: * developing Windows Desktop and Web solutions (mainly using C, C++, C#, ASP.NET) * converting/translating/porting code from one...","Software Architecture, C++ Programming, C Programming, C# Programming, Windows Desktop",https://cdn6.f-cdn.com/ppic/106024731/logo/5418783/profile_logo_5418783.jpg
Veera777,Graphic Design I illustrator I Photoshop,India,5,6.8,428 reviews,$8 USD per hour,"Hello, and thank you for taking the time to visit our profile! We are Vector Infotech, a team of skilled Graphic Designers with over 400 5 star reviews with 100% completion rate here on Freelancer.com. Our team of designers is well-versed in a number of different specifics of the Graphic Design industry,...","Graphic Design, Illustrator, Photoshop, Logo Design, Illustration",https://cdn6.f-cdn.com/ppic/179830624/logo/25264011/profile_logo_25264011.jpg
paris2785,MS Office and VBA expert. Top 1% in Freelancer.com,Greece,4.9,8.3,527 reviews,$30 USD per hour,"Blessed to work in the field I love, I develop Microsoft Office applications by customizing and writing code in VBA. I have completed 520 successful projects on this platform in 8 years, and I keep going! Main Skills: * Excel * Access * VBA (Visual Basic for Apps) * Word * Microsoft Office * PowerPoint * Outlook...","Excel, Microsoft Access, Database Programming, SQL, Microsoft Office",https://cdn5.f-cdn.com/ppic/132242666/logo/6835533/profile_logo_6835533.jpg
asifkhanjrbd,"I am a logo, business card, letterhead designer",Bangladesh,5,6.6,76 reviews,$50 USD per hour,"Hi, This is Md. Asif Khan. I'm a professional Graphic Designer expert in Logo design. I have 3 years experience in this field. >> You can get more changes from me until your 100% satisfaction. >> I provide different file format as you want. >> 100% money back guarantee services. My skilled areas: * Logo Design *...","Logo Design, T-Shirts",https://cdn6.f-cdn.com/ppic/179640635/logo/43925232/profile_logo_43925232.jpg
sigbl,Software & Digital Marketing Geeks - Top 2%,Pakistan,5,7.5,92 reviews,$50 USD per hour,"We're the fastest growing Software development & Digital Marketing firm having presence in USA, UAE and Pakistan. We excel in providing top of the line consultancy and services coupled with exquisite customer relationship, which is the first and foremost MANTRA. With over 45% repeat hire rate, we're definitely someone...","Android, Mobile App Development, PHP, Java, MySQL",https://cdn3.f-cdn.com/ppic/107717604/logo/27277091/profile_logo_27277091.jpg
avtar1073,3D WORK STUDIO,India,4.9,9.1,879 reviews,$15 USD per hour,"I am 3d Designer with over 8 years of experience working professionally in animation, 3ds max , Revit , Autocad, Maya, Z-brush, props and character modelling for unity 3d Photoshop etc I strive to grow and learn as a professional artist. I have the ability to multitask and work under strict deadlines, either alone...","3D Modelling, 3D Rendering, 3D Animation, 3ds Max, Graphic Design",https://cdn3.f-cdn.com/ppic/109740102/logo/4319185/profile_logo_4319185.jpg
CreativeminhazBD,100% CLIENT SATISFACTION & HONESTLY WORK MY DUTY,Bangladesh,5,7.1,812 reviews,$20 USD per hour,&gt;&gt;&gt; I AM SKILLFUL GRAPHICS DESIGNER &lt;&lt;&gt;&gt;&gt;&gt;&gt; My Expertise Area &lt;&lt;&lt;&lt;&lt;&lt; Graphics Design &gt; Logo Design &gt; Poster Design &gt; Business Card Design &gt; Remove Background &gt; Clipping Path &gt; Images Manipulate &gt; Flayer Design &gt; Banner Design &gt; Vector...,"Graphic Design, Logo Design, Photoshop, Illustrator, Banner Design",https://cdn3.f-cdn.com/ppic/82832659/logo/19772241/profile_logo_19772241.jpg
graphicbeez,Graphic Designer,Sri Lanka,5,6.8,574 reviews,$25 USD per hour,"I am an Experienced Graphic designer. Adobe Illustrator, Adobe Photoshop, and After Effects. I work full time as a freelancer to give my clients the very best at all the time with Quick Response Rate. Why Hire me - ?100 % satisfaction guaranteed? Unlimited Revisions -------My Services------ Illustration Cartoon...","Graphic Design, Photoshop, Illustrator, Logo Design, Photoshop Design",https://cdn5.f-cdn.com/ppic/116855636/logo/27602740/profile_logo_27602740.jpg
niyajahmad,Brochure I PPT I Google Slides I Flyer I Logo,India,4.9,7.9,474 reviews,$25 USD per hour,"""GIVEN TOP 1% FREELANCER TAG FROM FREELANCER.COM WITH 472 REVIEW AND 4.9 RATING"" Hello!!, I am Akshay, handling Designgot with the creative team for last 7 years. We are a top Graphic Design provider from India. We take our work very seriously and deliver high quality design to curve your brand with unique look which...","Graphic Design, Brochure Design, Photoshop, Banner Design, Logo Design",https://cdn2.f-cdn.com/ppic/110285975/logo/10489376/profile_logo_10489376.jpg
colorgraphicz,Work is our sole identity.,India,4.8,9.2,5091 reviews,$10 USD per hour,"We are a group of experienced graphics designers and adept web developers. We believe in original and quality work because work is our sole identity. We are a highly motivated team of skilled professionals, so we can deliver project updates in a timely manner. We offer you unlimited revisions for our work through...","Logo Design, Graphic Design, Website Design, Photoshop, Banner Design",https://cdn6.f-cdn.com/ppic/109701211/logo/399645/profile_logo_399645.jpg
indrapandu,Automation Expert | Project Management Specialist,Indonesia,5,6.2,144 reviews,$21 USD per hour,An automation expert with strong Project Management background/ knowledge. Having great experiences and skills in creating complex automation systems for big companies/ personal use which optimize the business process and work productivity. Technical skills and knowledge include: - VBA/ Macro for office apps...,"Excel, Visual Basic, Data Processing, Visual Basic for Apps, Project Management",https://cdn5.f-cdn.com/ppic/180619567/logo/34637643/profile_logo_34637643.jpg
dreams3ds,Dreams comes true with ARCHVISION3D!,Armenia,5,9.9,760 reviews,$20 USD per hour,"We are a professional visual effects studio specializing in computer graphics. Our services include high fidelity modelling, visualization and rendering in the field of architecture and manufacturing. We also work on animated video and virtual 360 degree panorama tours. We guarantee 100% dedication to your project...","3D Rendering, 3D Modelling, 3D Animation, 3ds Max, Building Architecture",https://cdn3.f-cdn.com/ppic/109732363/logo/8696415/profile_logo_8696415.jpg
amitars123456,WordPress Speed Optimizer | Tech Supporter,India,5,6.3,313 reviews,$6 USD per hour,I'm a Professional WordPress Speed Optimizer & Tech Supporter. My Skills: ✅ WordPress Speed Optimization ➤ I will give you <2 seconds loading time ➤ 90%+ Score & Well optimize on Google page speed (Mobile + Desktop) ➤ A+ Grade on Gtmetrix for permanent ➤ I optimized almost 425+ websites and gave my clients 100%...,"WordPress, Website Design, Google PageSpeed Insights, SEO, Website Optimization",https://cdn6.f-cdn.com/ppic/179975871/logo/20973504/profile_logo_20973504.jpg
msmasud15,Social Media Marketing | SEO | Internet Marketing,Bangladesh,4.9,7.9,906 reviews,$10 USD per hour,"100% trusted and guaranteed service in the Marketplace! Payment after you are 100% satisfied with the work completed! I offer *** Real Google Business Reviews***, SEO, Social Media Marketing (SMM), & Internet Marketing. My services at a glance: - ***Google Business Reviews Management*** - Social Media Marketing -...","Facebook Marketing, SEO, Internet Marketing, Social Media Marketing, Instagram",https://cdn6.f-cdn.com/ppic/180981687/logo/3583473/profile_logo_3583473.jpg
Audreyvr,Copy editor / proofreader,New Zealand,4.9,7.9,495 reviews,$30 USD per hour,"I have a B.A. in English and taught English at secondary school for four years in Auckland, New Zealand, followed by two years teaching English as a second language. My relevant work experience includes copy editing for Elsevier Science Publishers, the International Journal of Wellbeing, the New Zealand Blind...","Editing, Proofreading, Transcription, Technical Writing, Newsletters",https://cdn3.f-cdn.com/ppic/141370043/logo/14376854/profile_logo_14376854.jpg
rockztah89,Vector Artist/ T-Shirt /Logo Designer /Translator,Philippines,5,7,132 reviews,$20 USD per hour,Experienced Graphic Designer with print advertising backgrounds. Currently managing my own print shop. I can work overtime if necessary. Expertise includes: Invitation card designs Mug print designs Business cards Logo design Banner design Tarpaulin design T-shirt Design Digital T-Shirt Printing Vector art English...,"Graphic Design, Logo Design, Illustrator, Photoshop, T-Shirts",https://cdn3.f-cdn.com/ppic/153420782/logo/7719118/profile_logo_7719118.jpg
cr8iveguru,Logo I Brochure I Presentation I Flyer I Branding,Pakistan,4.9,8,1136 reviews,$20 USD per hour,"Welcome to Cr8ive Guru!!! We have the right blend of technology, infrastructure and attitude to create an atmosphere of technological excellence and clients' delight. Since its inception, the company has concentrated on its core area of Graphic and Web site design. In our journey of more than 8 years, our...","Graphic Design, Logo Design, Photoshop, Illustrator, Advertisement Design",https://cdn3.f-cdn.com/ppic/177990827/logo/9385934/profile_logo_9385934.jpg
alisharoz,Creative Designer / Logo / Web / PPT Deck Expert,Pakistan,5,8.1,976 reviews,$20 USD per hour,Introducing myself as a graphic designer. Thanks for visiting my profile. I consider your valuable time so before awarding a job kindly contact me and discuss the project in detail. I'm very responsive and I will try to respond your messages as soon as possible. The following are the areas of my...,"Graphic Design, Logo Design, Illustrator, Flyer Design, Business Cards",https://cdn5.f-cdn.com/ppic/159459236/logo/1940727/profile_logo_1940727.jpg
ANimesh996,Photo Editing | Vectorize | Graphic Design | Logo,Bangladesh,4.9,7.2,735 reviews,$15 USD per hour,"Hello! My name’s Animesh, and I’m a Graphic Designer and Photoshop Specialist with over 7 years of experience in the Photo Editing and design industry. I have an Expert photo editor team. Photoshop is like second nature to me at this point, and I can easily take on any project you may have involving it. I’ve done...","Graphic Design, Photoshop, Illustrator, Photoshop Design, Logo Design",https://cdn5.f-cdn.com/ppic/181130333/logo/24808802/profile_logo_24808802.jpg
bintehawa086,2D & 3D Design Expert | We Deliver What You Expect,Pakistan,5,8,718 reviews,$20 USD per hour,"Hi, Welcome to BeStudio, a group of highly trained Architects and Engineers who make up one of the top design teams on Freelancer currently. We work with clients all across the globe on design, redesign, and technical document preparation projects and with a 5-star rating and over 700+ reviews, it’s safe to say that...","AutoCAD, CAD/CAM, Building Architecture, 3ds Max, Illustration",https://cdn2.f-cdn.com/ppic/100863187/logo/10918430/profile_logo_10918430.jpg
AttrayantDesign,Professional Logo| Graphics| Illustrations Expert,India,5,8.4,678 reviews,$20 USD per hour,"I am a graphic designer and Illustrator specialists committed to convert your clicks into customers. I set out on this journey in 2016 and have been creating success stories since then. Whether you want to increase your brand or are interested in starting from the scratch, I’ve got you covered. I am knowledgeable...","Graphic Design, Photoshop, Illustrator, Logo Design, Illustration",https://cdn3.f-cdn.com/ppic/168995142/logo/24591855/profile_logo_24591855.jpg
izeeshanahmed,Creative Graphic Designer,Pakistan,4.9,7,156 reviews,$30 USD per hour,"As a graphic designer with professional skills and great aesthetic sense I can provide you with services related to logo designing, flyer designing, business card designing, and banner designing. I am a hardworking individual and customer satisfaction remains my top priority. I specialize in signature logo designing ...","Logo Design, Graphic Design, Academic Writing, Article Rewriting, Article Writing",https://cdn2.f-cdn.com/ppic/146933860/logo/45142810/profile_logo_45142810.jpg
PolestarDesigns,Graphic Design | Logo design | Website Design | illustration | Flyer | Brochure| Label and packaging,Pakistan,5,8.3,826 reviews,$65 USD per hour,"Great design is what makes us tick, it's the thing that is ever-present in everything we do. We understand that making the right first impression matters and we take pride in our ability to make your brand stand out from the crowd, either through traditional graphic design and branding or through digital media....","Graphic Design, Photoshop, Logo Design, Illustrator, Banner Design",https://cdn2.f-cdn.com/ppic/178274955/logo/16396919/profile_logo_16396919.jpg
mostaf1,Professional Graphic Designer,Palestinian Territory,5,7.5,1001 reviews,$10 USD per hour,I have more than 6 years of experience as an artwork designer. I have completed more than a thousand of project designs. I believe that passion and motivation are the core ingredients for a successful artwork. I make sure that I always provide my clients with high creative designs. My services are: - Graphic Design -...,"Graphic Design, Logo Design, Photoshop, Arabic Translator, Brochure Design",https://cdn2.f-cdn.com/ppic/132584090/logo/16003525/profile_logo_16003525.jpg
someshjecrc,Java Developer | Angular | SQL | Spring Boot,India,5,6,155 reviews,$10 USD per hour,"Java Developer (+ Angular). Worked on Java projects using Spring framework, Spring Boot, Spring MVC, Spring Security, RestFul API, Maven, JUnit Testing (+ Mockito Framework), Postman, Object Oriented Programming, Android application development, Greenfoot Game development, Google Matrix API, Google Place API, Google...","Java, Software Architecture, JavaScript, HTML, Object Oriented Programming (OOP)",https://cdn2.f-cdn.com/ppic/155825280/logo/27890852/profile_logo_27890852.jpg
sharifideal,Professional PHOTO RETOUCHING Service Provider,Bangladesh,5,8.6,715 reviews,$10 USD per hour,"Professional PHOTO RETOUCHING/IMAGE PROCESSING Service Provider, have 16 years experience in PHOTO EDITING work using Adobe Photoshop. I have a Photo Retouching agency named ""Ideal Computers & Digital Studio,"" 15 experienced Photoshop professionals working here for the last nine years with client satisfaction....","Photoshop, Photo Editing, Photoshop Design, Photography, Graphic Design",https://cdn6.f-cdn.com/ppic/56779806/logo/1174818/profile_logo_1174818.jpg
thelionstuidos,Logos | Print & Packaging | Website Design & More,Pakistan,5,9,996 reviews,$50 USD per hour,"The Lion Studios is a global creative company that designs all kinds of logos provides branding and enhances your identity with quality visual and emotional designs. We create for clients designs they love. We offer logo designs with incredible creativity, helping genius entrepreneurs, savvy businesses, and anyone who...","Logo Design, Graphic Design, Photoshop, Corporate Identity, Website Design",https://cdn6.f-cdn.com/ppic/161056527/logo/8751195/profile_logo_8751195.jpg